Model,ROC-AUC,F1,Recall,Precision
Logistic (Baseline),0.747721,0.461690,0.354182,0.662906
LightGBM (Default),0.752035,0.495035,0.507159,0.483477
XGBoost (Default),0.749802,0.495386,0.505652,0.485528
XGBoost (Tuned),0.759085,0.504861,0.567445,0.454710
LightGBM (Tuned),0.756312,0.505380,0.548606,0.468468
